Project;Fix Commit;Compilable;Version;Command;;;Summary;;;;Etichette di riga;Conteggio di Si/No;Conteggio % di Si/No
https://github.com/djmdjm/jBCrypt;0c28b698e79b132391be8333107040d774c79995;No;JAVA 19;mvn clean compile;;;TOTAL COMMIT OK;TOTAL COMMIT ERROR;;;https://github.com/apache/commons-collections;7;1,56%
https://github.com/SonarSource/sonarqube;7b567ba3d15ed7dd0b0bba0330686487e35af85c;No;JAVA 11;./gradlew classes;;;65;386;;;No;7;100,00%
https://github.com/apache/thrift;d973409661f820d80d72c0034d06a12348c8705e;No;JAVA 19;mvn clean compile;;;;;;;https://github.com/apache/commons-compress;12;2,67%
https://github.com/letonez/libpam4j;84f32f4001fc6bdcc125ccc959081de022d18b6d;Si; versione gradle 5.4.1 JAVA 1.8;gradle classes ;;;;;;;No;12;100,00%
https://github.com/spring-projects/spring-framework;246a6db1cad205ca9b6fca00c544ab7443ba202;No;JDK 17 & gradle 5.4.1;./gradlew classes;;;;;;;https://github.com/apache/commons-fileupload;5;1,11%
https://github.com/spring-projects/spring-framework;1db7e02de3eb0c011ee6681f5a12eb9d166fea8;No;JDK 17 & gradle 5.4.1;./gradlew classes;;;;;;;No;5;100,00%
https://github.com/spring-projects/spring-framework;5a711c05ec750f069235597173084c2ee796242;No;JDK 17 & gradle 5.4.1;./gradlew classes;;;;;;;https://github.com/apache/groovy;2;0,44%
https://github.com/spring-projects/spring-framework;f2694a8ed93f1f63f87ce45d0bb638478b426acd;No;JDK 17 & gradle 5.4.1;./gradlew classes;;;;;;;No;1;50,00%
https://github.com/spring-projects/spring-framework;c8e320019ffe7298fc4cbeeb194b2bfd6389b6d;No;JDK 17 & gradle 5.4.1;./gradlew classes;;;;;;;Si;1;50,00%
https://github.com/spring-projects/spring-framework;e02ff3a0da50744b0980d5d665fd242eedea767;No;JDK 17 & gradle 5.4.1;./gradlew classes;;;;;;;https://github.com/apache/httpcomponents-client;7;1,56%
https://github.com/spring-projects/spring-framework;91b803a2310344d925e5d4b1709bbcea9037554;No;JDK 17 & gradle 5.4.1;./gradlew classes;;;;;;;No;7;100,00%
https://github.com/spring-projects/spring-framework;741b4b229ae032bd17175b46f98673ce0bd2d485;No;JDK 17 & gradle 5.4.1;./gradlew classes;;;;;;;https://github.com/apache/ignite;3;0,67%
https://github.com/spring-projects/spring-framework;423aa28ed584b4ff6e5bad218c09beef5e91951;No;JDK 17 & gradle 5.4.1;./gradlew classes;;;;;;;No;3;100,00%
https://github.com/spring-projects/spring-framework;c8649087792d07df209fc75e0f9e2e3284e09fe;No;JDK 17 & gradle 5.4.1;./gradlew classes;;;;;;;https://github.com/apache/kafka;3;0,67%
https://github.com/spring-projects/spring-framework;2ae6a6a3415eebc57babcb9d3e5505887eda6d8;No;JDK 17 & gradle 5.4.1;./gradlew classes;;;;;;;Si;3;100,00%
https://github.com/spring-projects/spring-framework;7387cb990e35b0f1b573faf29d4f9ae183d7a5e;No;JDK 17 & gradle 5.4.1;./gradlew classes;;;;;;;https://github.com/apache/shiro;3;0,67%
https://github.com/spring-projects/spring-framework;edba32b3093703d5e9ed42b5b8ec23ecc1998398;No;JDK 17 & gradle 5.4.1;./gradlew classes;;;;;;;No;3;100,00%
https://github.com/spring-projects/spring-framework;9beae9ae4226c45cd428035dae81214439324676;No;JDK 17 & gradle 5.4.1;./gradlew classes;;;;;;;https://github.com/apache/sling-org-apache-sling-xss;1;0,22%
https://github.com/spring-projects/spring-framework;b80c13b722bb207ddf43f53a007ee3ddc1dd2e2;No;JDK 17 & gradle 5.4.1;./gradlew classes;;;;;;;No;1;100,00%
https://github.com/spring-projects/spring-framework;f59ea610dfcf55cd0b42f6dd76a9b3dab0218aa;No;JDK 17 & gradle 5.4.1;./gradlew classes;;;;;;;https://github.com/apache/struts;75;16,67%
https://github.com/spring-projects/spring-framework;dac97f1b7dac3e70ff603fb6fc9f205b95dd6b01;No;JDK 17 & gradle 5.4.1;./gradlew classes;;;;;;;No;61;81,33%
https://github.com/spring-projects/spring-framework;d95cbe23ee462245c5c2482e175f7b2a921b31c;No;JDK 17 & gradle 5.4.1;./gradlew classes;;;;;;;Si;14;18,67%
https://github.com/spring-projects/spring-framework;c6503ebbf7c9e21ff022c58706dbac5417b2b5eb;No;JDK 17 & gradle 5.4.1;./gradlew classes;;;;;;;https://github.com/apache/thrift;1;0,22%
https://github.com/spring-projects/spring-framework;b9ebdaaf3710db473a2e1fec8641c316483a22a;No;JDK 17 & gradle 5.4.1;./gradlew classes;;;;;;;No;1;100,00%
https://github.com/spring-projects/spring-framework;ff2228fdaf131d57b5c8c5918ee8d07c6dd9bba;No;JDK 17 & gradle 5.4.1;./gradlew classes;;;;;;;https://github.com/apache/tomcat;98;21,78%
https://github.com/spring-projects/spring-framework;d3acf45ea4db51fa5c4cbd0bc0e7b6d9ef805e6;No;JDK 17 & gradle 5.4.1;./gradlew classes;;;;;;;No;82;83,67%
https://github.com/spring-projects/spring-framework;7a7df6637478607bef0277bf52a4e0a03e20a248;No;JDK 17 & gradle 5.4.1;./gradlew classes;;;;;;;Si;16;16,33%
https://github.com/spring-projects/spring-framework;d63cfc8eebc396be009e733a81ebb4c984811f6e;No;JDK 17 & gradle 5.4.1;./gradlew classes;;;;;;;https://github.com/apache/wicket;2;0,44%
https://github.com/spring-projects/spring-framework;9772eb8410e37cd0bdec0d1b133218446c778beb;No;JDK 17 & gradle 5.4.1;./gradlew classes;;;;;;;No;2;100,00%
https://github.com/spring-projects/spring-framework;98ad23bef8e2e04143f8f5b201380543a8d8c0c;No;JDK 17 & gradle 5.4.1;./gradlew classes;;;;;;;https://github.com/apereo/java-cas-client;2;0,44%
https://github.com/spring-projects/spring-framework;8e096aeef55287dc829484996c9330cf755891a1;No;JDK 17 & gradle 5.4.1;./gradlew classes;;;;;;;No;2;100,00%
https://github.com/spring-projects/spring-framework;1c5cab2a4069ec3239c531d741aeb07a434f521b;No;JDK 17 & gradle 5.4.1;./gradlew classes;;;;;;;https://github.com/belaban/JGroups;3;0,67%
https://github.com/spring-projects/spring-framework;c6503ebbf7c9e21ff022c58706dbac5417b2b5eb;No;JDK 17 & gradle 5.4.1;./gradlew classes;;;;;;;No;3;100,00%
https://github.com/spring-projects/spring-framework;e2d6e709c3c65a4951eb096843ee75d5200cfcad;No;JDK 17 & gradle 5.4.1;./gradlew classes;;;;;;;https://github.com/cloudfoundry/uaa;64;14,22%
https://github.com/spring-projects/spring-framework;2bd1daa75ee0b8ec33608ca6ab065ef3e1815543;No;JDK 17 & gradle 5.4.1;./gradlew classes;;;;;;;No;64;100,00%
https://github.com/spring-projects/spring-framework;a7dc48534ea501525f11369d369178a60c2f47d0;No;JDK 17 & gradle 5.4.1;./gradlew classes;;;;;;;https://github.com/codehaus-plexus/plexus-archiver;1;0,22%
https://github.com/spring-projects/spring-framework;1db7e02de3eb0c011ee6681f5a12eb9d166fea8;No;JDK 17 & gradle 5.4.1;./gradlew classes;;;;;;;No;1;100,00%
https://github.com/spring-projects/spring-framework;9cef8e3001ddd61c734281a7556efd84b6cc2755;No;JDK 17 & gradle 5.4.1;./gradlew classes;;;;;;;https://github.com/codehaus-plexus/plexus-utils;1;0,22%
https://github.com/spring-projects/spring-framework;03f547eb9868f48f44d59b56067d4ac4740672c3;No;JDK 17 & gradle 5.4.1;./gradlew classes;;;;;;;No;1;100,00%
https://github.com/spring-projects/spring-framework;0e28bee0f155b9bf240b4bafc4646e4810cb23f;No;JDK 17 & gradle 5.4.1;./gradlew classes;;;;;;;https://github.com/eclipse/rdf4j;1;0,22%
https://github.com/spring-projects/spring-framework;874859493bbda59739c38c7e52eb3625f247b93;No;JDK 17 & gradle 5.4.1;./gradlew classes;;;;;;;No;1;100,00%
https://github.com/spring-projects/spring-framework;75e08695a04980dbceae6789364717e9d8764d58;No;JDK 17 & gradle 5.4.1;./gradlew classes;;;;;;;https://github.com/eclipse-ee4j/mojarra;1;0,22%
https://github.com/spring-projects/spring-framework;13356a7ee2240f740737c5c83bdccdacc30603a;No;JDK 17 & gradle 5.4.1;./gradlew classes;;;;;;;No;1;100,00%
https://github.com/spring-projects/spring-framework;43bf008fbcd0d7945e2fcd5e30039bc4d74c7a98;No;JDK 17 & gradle 5.4.1;./gradlew classes;;;;;;;https://github.com/eclipse-vertx/vert.x;1;0,22%
https://github.com/spring-projects/spring-framework;7576274874deeccb6da6b09a8d5bd62e8b5538b7;No;JDK 17 & gradle 5.4.1;./gradlew classes;;;;;;;Si;1;100,00%
https://github.com/spring-projects/spring-framework;d3acf45ea4db51fa5c4cbd0bc0e7b6d9ef805e6;No;JDK 17 & gradle 5.4.1;./gradlew classes;;;;;;;https://github.com/ESAPI/esapi-java-legacy;2;0,44%
https://github.com/spring-projects/spring-framework;3f68cd633f03370d33c2603a6496e81273782601;No;JDK 17 & gradle 5.4.1;./gradlew classes;;;;;;;No;2;100,00%
https://github.com/spring-projects/spring-framework;a30ab30e4e9ae021fdda04e9abfc228476b846b5;No;JDK 17 & gradle 5.4.1;./gradlew classes;;;;;;;https://github.com/FasterXML/jackson-databind;17;3,78%
https://github.com/spring-projects/spring-framework;7576274874deeccb6da6b09a8d5bd62e8b5538b7;No;JDK 17 & gradle 5.4.1;./gradlew classes;;;;;;;No;17;100,00%
https://github.com/spring-projects/spring-framework;e0de9126ed8cf25cf141d3e66420da94e350708;No;JDK 17 & gradle 5.4.1;./gradlew classes;;;;;;;https://github.com/igniterealtime/Openfire;1;0,22%
https://github.com/spring-projects/spring-framework;dc5b5ca8ee09c890352f89b2dae58bc0132d6545;No;JDK 17 & gradle 5.4.1;./gradlew classes;;;;;;;Si;1;100,00%
https://github.com/spring-projects/spring-framework;ab2410c754b67902f002bfcc0c3895bd7772d39;No;JDK 17 & gradle 5.4.1;./gradlew classes;;;;;;;https://github.com/inversoft/prime-jwt;2;0,44%
https://github.com/spring-projects/spring-framework;044772641d12b9281185f6cf50f8485b8747132;No;JDK 17 & gradle 5.4.1;./gradlew classes;;;;;;;Si;2;100,00%
https://github.com/spring-projects/spring-framework;a95c3d820dbc4c3ae752f1b3ee22ee860b162402;No;JDK 17 & gradle 5.4.1;./gradlew classes;;;;;;;https://github.com/itext/itext7;1;0,22%
https://github.com/spring-projects/spring-framework;8e096aeef55287dc829484996c9330cf755891a1;No;JDK 17 & gradle 5.4.1;./gradlew classes;;;;;;;No;1;100,00%
https://github.com/spring-projects/spring-framework;695bf2961feffd35b5560ccc982a2189dcca611;No;JDK 17 & gradle 5.4.1;./gradlew classes;;;;;;;https://github.com/jenkinsci/depgraph-view-plugin;1;0,22%
https://github.com/junrar/junrar;ad8d0ba8e155630da8a1215cee3f253e0af45817;No;JDK 17 & gradle 5.4.1;gradle classes;;;;;;;Si;1;100,00%
https://github.com/apache/shiro;b15ab927709ca18ea4a02538be01919a19ab65af;No;JDK 17;mvn clean compile;;;;;;;https://github.com/jenkinsci/ec2-plugin;1;0,22%
https://github.com/apache/shiro;64d9f8341e1aa7ef1a29744e16ea7c578ca5deee;No;JDK 17;mvn clean compile;;;;;;;Si;1;100,00%
https://github.com/apache/shiro;9137e6cc45922b529fb776c6857647a3935471bb;No;JDK 17;mvn clean compile;;;;;;;https://github.com/jenkinsci/email-ext-plugin;1;0,22%
https://github.com/spring-projects/spring-webflow;57f2ccb66946943fbf3b3f2165eac1c8eb6b1523;No;JDK 17 & gradle 5.4.1;./gradlew classes;;;;;;;Si;1;100,00%
https://github.com/spring-projects/spring-webflow;ec3d54d2305e6b6bce12f770fec67fe63008d45;No;JDK 17 & gradle 5.4.1;./gradlew classes;;;;;;;https://github.com/jenkinsci/favorite-plugin;1;0,22%
https://github.com/spring-projects/spring-webflow;df0ea;No;JDK 17 & gradle 5.4.1;./gradlew classes;;;;;;;Si;1;100,00%
https://github.com/spring-projects/spring-webflow;084b4;No;JDK 17 & gradle 5.4.1;./gradlew classes;;;;;;;https://github.com/jenkinsci/gerrit-trigger-plugin;2;0,44%
https://github.com/spring-projects/spring-webflow;ed5e8;No;JDK 17 & gradle 5.4.1;./gradlew classes;;;;;;;Si;2;100,00%
https://github.com/pingidentity/ldapsdk;8471904a02438c03965d21367890276bc25fa5a6;No;JDK 17;ant compile;;;;;;;https://github.com/jenkinsci/git-client-plugin;1;0,22%
https://github.com/apache/tomcat;2835bb4e030c1c741ed0847bb3b9c3822e4fbc8a;Si;JDK 17;ant compile;;;;;;;Si;1;100,00%
https://github.com/apache/tomcat;d6a9898125f34e593de426e8c7dabb0f224fc00f;No;JDK 17;ant compile;;;;;;;https://github.com/jenkinsci/git-plugin;1;0,22%
https://github.com/apache/tomcat;50311bed8d87e452ff0e69838ba312c4fe899b2d;Si;JDK 17;ant compile;;;;;;;No;1;100,00%
https://github.com/apache/tomcat;86b2e436099cb48f30dad950175c5beeeb763756;No;JDK 17;ant compile;;;;;;;https://github.com/jenkinsci/google-play-android-publisher-plugin;1;0,22%
https://github.com/apache/tomcat;3e5b0455483eed55752047073e92403bfca8d3ec;No;JDK 17;ant compile;;;;;;;Si;1;100,00%
https://github.com/apache/tomcat;9233d9d6a018be4415d4d7d6cb4fe01176adf1a8;No;JDK 17;ant compile;;;;;;;https://github.com/jenkinsci/groovy-sandbox;2;0,44%
https://github.com/apache/tomcat;ece65c1a428094b1c6c17de3d7593f64e1bb1286;No;JDK 17;ant compile;;;;;;;No;2;100,00%
https://github.com/apache/tomcat;dfa40863421d7681fed893b4256666491887e38c;No;JDK 17;ant compile;;;;;;;https://github.com/jenkinsci/junit-plugin;1;0,22%
https://github.com/apache/tomcat;a2538ce78f83b7376c48d12d8247600079d789b1;No;JDK 17;ant compile;;;;;;;No;1;100,00%
https://github.com/apache/tomcat;150bc791ac3ba40081425dd1c37a053fbb02b339;No;JDK 17;ant compile;;;;;;;https://github.com/jenkinsci/kubernetes-plugin;1;0,22%
https://github.com/apache/tomcat;639e20992a66d7a42fb59c974db91c8a0f730a1e;No;JDK 17;ant compile;;;;;;;No;1;100,00%
https://github.com/apache/tomcat;1735d7f55094c3775c7d94e4f8568336dbe1a738;No;JDK 17;ant compile;;;;;;;https://github.com/jenkinsci/mailer-plugin;1;0,22%
https://github.com/apache/tomcat;763a56b45999653ce648a18462b8a826809215b1;No;JDK 17;ant compile;;;;;;;Si;1;100,00%
https://github.com/apache/tomcat;593a2447e6ebe465585cfa07e93b5635dffa1c70;No;JDK 17;ant compile;;;;;;;https://github.com/jenkinsci/mercurial-plugin;1;0,22%
https://github.com/apache/tomcat;723ea6a5bc5e7bc49e5ef84273c3b3c164a6a4fd;No;JDK 17;ant compile;;;;;;;No;1;100,00%
https://github.com/apache/tomcat;816552abf6735fa37dfd37c8a7bfbdbd045477e0;No;JDK 17;ant compile;;;;;;;https://github.com/jenkinsci/pipeline-build-step-plugin;1;0,22%
https://github.com/apache/tomcat;e246e5fc13307da0a5d3bbf860d64d97be1c40f8;No;JDK 17;ant compile;;;;;;;No;1;100,00%
https://github.com/apache/tomcat;3e1010b1a2f648581fac3d68afbf18f2979f6bf6;No;JDK 17;ant compile;;;;;;;https://github.com/jenkinsci/promoted-builds-plugin;1;0,22%
https://github.com/apache/tomcat;40e5880dfc51517334acda5f12beacdec52ca283;No;JDK 17;ant compile;;;;;;;No;1;100,00%
https://github.com/apache/tomcat;b8cb9f5f91e9210ca107fd80f3e6acd47531daa7;No;JDK 17;ant compile;;;;;;;https://github.com/jenkinsci/ssh-agent-plugin;1;0,22%
https://github.com/apache/tomcat;5496e193a89b8b8b3177e516358df2f07ab852b3;No;JDK 17;ant compile;;;;;;;Si;1;100,00%
https://github.com/apache/tomcat;a9dd96046d7acb0357c6b7b9e6cc70d186fae663;No;JDK 17;ant compile;;;;;;;https://github.com/jenkinsci/subversion-plugin;2;0,44%
https://github.com/apache/tomcat;769477b9bc8442db3f571385fa0c3e206242cbf1;Si;JDK 17;ant compile;;;;;;;No;1;50,00%
https://github.com/apache/tomcat;cf181edc9a8c239cde704cffc3c503425bdcae2b;No;JDK 17;ant compile;;;;;;;Si;1;50,00%
https://github.com/apache/tomcat;639e20992a66d7a42fb59c974db91c8a0f730a1e;No;JDK 17;ant compile;;;;;;;https://github.com/jenkinsci/tikal-multijob-plugin;2;0,44%
https://github.com/apache/tomcat;5c8560f3054982abaa476d87ec031c439d58d66e;No;JDK 17;ant compile;;;;;;;Si;2;100,00%
https://github.com/apache/tomcat;04164c1f01b973e548d95511d417f414ca723cb8;No;JDK 17;ant compile;;;;;;;https://github.com/jhy/jsoup;1;0,22%
https://github.com/apache/tomcat;76ebc9007567c8326217dd94844540e1e27d8468;No;JDK 17;ant compile;;;;;;;No;1;100,00%
https://github.com/apache/tomcat;901292cf9d7d8225f8a3b96c7583e2bd8b41772d;No;JDK 17;ant compile;;;;;;;https://github.com/jkuhnert/ognl;1;0,22%
https://github.com/apache/tomcat;299b26af66793438c323ea6b18462fa44683080f;No;JDK 17;ant compile;;;;;;;No;1;100,00%
https://github.com/apache/tomcat;4e97b367a97a356d2f8bb9986875e20d0807d32c;No;JDK 17;ant compile;;;;;;;https://github.com/junrar/junrar;1;0,22%
https://github.com/apache/tomcat;efb860b3ff8ebcf606199b8d0d432f76898040da;Si;JDK 17;ant compile;;;;;;;No;1;100,00%
https://github.com/apache/tomcat;c1660182010b4255c21c874d69c124370a67784a;No;JDK 17;ant compile;;;;;;;https://github.com/jythontools/jython;1;0,22%
https://github.com/apache/tomcat;639e20992a66d7a42fb59c974db91c8a0f730a1e;No;JDK 17;ant compile;;;;;;;No;1;100,00%
https://github.com/apache/tomcat;864aa1199ad2cccc9a7e7c6b977f7d7f812c9910;No;JDK 17;ant compile;;;;;;;https://github.com/kawasima/struts1-forever;3;0,67%
https://github.com/apache/tomcat;913d94b289e056107e521dbab8e79cc72a62a331;Si;JDK 17;ant compile;;;;;;;No;3;100,00%
https://github.com/apache/tomcat;a697f7b52c4e3aea0c6763b33d413b54a518e883;No;JDK 17;ant compile;;;;;;;https://github.com/letonez/libpam4j;1;0,22%
https://github.com/apache/tomcat;05c84ff8304a69a30b251f207a7b93c2c882564d;No;JDK 17;ant compile;;;;;;;Si;1;100,00%
https://github.com/apache/tomcat;8884dae60ace77a87ed9385442ce429e98c3a479;Si;JDK 17;ant compile;;;;;;;https://github.com/narkisr/nmap4j;1;0,22%
https://github.com/apache/tomcat;e28dd578fad90a6d5726ec34f3245c9f99d909a5;No;JDK 17;ant compile;;;;;;;Si;1;100,00%
https://github.com/apache/tomcat;8fa210147ffd98e8971cba56395726cc4a893ad7;No;JDK 17;ant compile;;;;;;;https://github.com/netty/netty;4;0,89%
https://github.com/apache/tomcat;4d637bc3986e5d09b9363e2144b8ba74fa6eac3a;No;JDK 17;ant compile;;;;;;;No;4;100,00%
https://github.com/apache/tomcat;0ff4905158b77787a7f3aca55c9dec93456665dc;No;JDK 17;ant compile;;;;;;;https://github.com/OpenRefine/OpenRefine;2;0,44%
https://github.com/apache/tomcat;a6b1ebc246b91b854237e5aad3dfd2b5460ea282;No;JDK 17;ant compile;;;;;;;No;2;100,00%
https://github.com/apache/tomcat;83679b99cd40caa401d173c8f8e72fc98eb5d5be;No;JDK 17;ant compile;;;;;;;https://github.com/orientechnologies/orientdb;1;0,22%
https://github.com/apache/tomcat;ff8789737a0a64c12d68929497f16d8021052048;No;JDK 17;ant compile;;;;;;;No;1;100,00%
https://github.com/apache/tomcat;58223c5ecc0751c3642c810f291b8f033d33b97f;No;JDK 17;ant compile;;;;;;;https://github.com/pgjdbc/pgjdbc;1;0,22%
https://github.com/apache/tomcat;2e69497fa7b1444632c6dadb64a4a82e18478ee6;No;JDK 17;ant compile;;;;;;;No;1;100,00%
https://github.com/apache/tomcat;fb3569fbb9a2f55459aa8e1e22bc35a737e66329;No;JDK 17;ant compile;;;;;;;https://github.com/pingidentity/ldapsdk;1;0,22%
https://github.com/apache/tomcat;1d372c881eafd9ffe729996f8560fd5fe50cd39d;No;JDK 17;ant compile;;;;;;;No;1;100,00%
https://github.com/apache/tomcat;b7b5c63a932f6c1ea05f9b65ad9054247bb5af57;No;JDK 17;ant compile;;;;;;;https://github.com/qos-ch/logback;1;0,22%
https://github.com/apache/tomcat;279e4451cb996f810fbca2f78b6340412d9daa7b;No;JDK 17;ant compile;;;;;;;No;1;100,00%
https://github.com/apache/tomcat;c584c7c4ab0686e4125eefcd0afb32fb8269da3d;No;JDK 17;ant compile;;;;;;;https://github.com/ronsigal/Resteasy;1;0,22%
https://github.com/apache/tomcat;5aae1323c31d643afa9f2db80713b8e97b5123af;No;JDK 17;ant compile;;;;;;;No;1;100,00%
https://github.com/apache/tomcat;bcce3e4997a4ed06fe03e2517443f3ad8ade2dfa;No;JDK 17;ant compile;;;;;;;https://github.com/sebfz1/wicket-jquery-ui;12;2,67%
https://github.com/apache/tomcat;49c71fc59c1b8f8da77aea9eb53e61db168aebab;No;JDK 17;ant compile;;;;;;;No;12;100,00%
https://github.com/apache/tomcat;fffd63a3bd3a5475379b7c074820a5463b7663b3;Si;JDK 17;ant compile;;;;;;;https://github.com/SonarSource/sonarqube;1;0,22%
https://github.com/apache/tomcat;0e83ad3e547fc9a75a258799ef581249b40a82a6;No;JDK 17;ant compile;;;;;;;No;1;100,00%
https://github.com/apache/tomcat;079372fc7bac8e2e378942715c9ce26a4a72c07a;No;JDK 17;ant compile;;;;;;;https://github.com/spring-projects/spring-amqp;8;1,78%
https://github.com/apache/tomcat;2d7dbfe4c63a4242a9b28fdb662d91ceb7a84630;No;JDK 17;ant compile;;;;;;;No;6;75,00%
https://github.com/apache/tomcat;3e1010b1a2f648581fac3d68afbf18f2979f6bf6;No;JDK 17;ant compile;;;;;;;Si;2;25,00%
https://github.com/apache/tomcat;50f1b1da794cd93b70ab5456d3c2c984408e1506;No;JDK 17;ant compile;;;;;;;https://github.com/spring-projects/spring-data-commons;4;0,89%
https://github.com/apache/tomcat;fb65c5fe6d298195beee11324416a975bea6d701;No;JDK 17;ant compile;;;;;;;No;4;100,00%
https://github.com/apache/tomcat;81bb49ad58fc7b1177a86ba82abf0271d07ceeb7;No;JDK 17;ant compile;;;;;;;https://github.com/spring-projects/spring-data-rest;2;0,44%
https://github.com/apache/tomcat;7d93527254d9e9371b342800617f20d13c8b85ad;No;JDK 17;ant compile;;;;;;;No;2;100,00%
https://github.com/apache/tomcat;2859ac3eae132383cb6f3f2042e25d7a4a281b0d;No;JDK 17;ant compile;;;;;;;https://github.com/spring-projects/spring-framework;52;11,56%
https://github.com/apache/tomcat;c1357e649641844109711d60cacb98e4b5fcd3cb;No;JDK 17;ant compile;;;;;;;No;43;82,69%
https://github.com/apache/tomcat;30af3f5630542a2340781f66553e734a6fd69701;No;JDK 17;ant compile;;;;;;;Si;9;17,31%
https://github.com/apache/tomcat;d2e8f2ede7dea39f75f68384f331f38f094e4ed3;No;JDK 17;ant compile;;;;;;;https://github.com/spring-projects/spring-integration;1;0,22%
https://github.com/apache/tomcat;f603f2f4595073f9490e01699d2083112a7c09a7;No;JDK 17;ant compile;;;;;;;No;1;100,00%
https://github.com/apache/tomcat;492cbc9a1e33e6d356438bcba4fa2b67680d245a;No;JDK 17;ant compile;;;;;;;https://github.com/spring-projects/spring-ldap;1;0,22%
https://github.com/apache/tomcat;ebe5c16f18ce1559e8462a94b3876a98525980d2;Si;JDK 17;ant compile;;;;;;;Si;1;100,00%
https://github.com/apache/tomcat;cbc9b18a845d3c8c053ac293dffda6c6c19dd92b;No;JDK 17;ant compile;;;;;;;https://github.com/spring-projects/spring-webflow;5;1,11%
https://github.com/apache/tomcat;48dded4ab1209a030770ab67a789d3b2528b6329;No;JDK 17;ant compile;;;;;;;No;5;100,00%
https://github.com/apache/tomcat;fd8a579e0e2379a84826b11700adf396e4ed2041;No;JDK 17;ant compile;;;;;;;https://github.com/square/okhttp;3;0,67%
https://github.com/apache/tomcat;0ff4905158b77787a7f3aca55c9dec93456665dc;No;JDK 17;ant compile;;;;;;;No;3;100,00%
https://github.com/apache/tomcat;b94478d45b7e1fc06134a785571f78772fa30fed;No;JDK 17;ant compile;;;;;;;https://github.com/square/retrofit;2;0,44%
https://github.com/apache/tomcat;516bda676ac8d0284da3e0295a7df70391315360;No;JDK 17;ant compile;;;;;;;No;2;100,00%
https://github.com/apache/tomcat;6b2cfacf749be186ea77249a979af1d4863e47ba;No;JDK 17;ant compile;;;;;;;https://github.com/Wechat-Group/WxJava;1;0,22%
https://github.com/apache/tomcat;008447095ce8c3a8f713093d5e618f3f06f94ea8;No;JDK 17;ant compile;;;;;;;No;1;100,00%
https://github.com/apache/tomcat;1bc3bcb2848f478fd6674487d6dad507fd5dd686;No;JDK 17;ant compile;;;;;;;Totale complessivo;450;100,00%
https://github.com/apache/tomcat;ed4b9d791f9470e4c3de691dd0153a9ce431701b;Si;JDK 17;ant compile;;;;;;;;;
https://github.com/apache/tomcat;407841c426dc52a4c6b8ccd297df6c484a540056;No;JDK 17;ant compile;;;;;;;;;
https://github.com/apache/tomcat;89cd0cf33a99dbbcf5c69050a83b6876e39269d7;No;JDK 17;ant compile;;;;;;;;;
https://github.com/apache/tomcat;6b61911f94d6d8d49ee933c5f1882a7e7c336d2c;No;JDK 17;ant compile;;;;;;;;;
https://github.com/apache/tomcat;f626da75fd59da82b14dee7b8cc46ad51eefdbe5;No;JDK 17;ant compile;;;;;;;;;
https://github.com/apache/tomcat;d83a76732e6804739b81d8b2056365307637b42d;Si;JDK 17;ant compile;;;;;;;;;
https://github.com/apache/tomcat;4545dcce444aa619374a659cb450dbbd0be3c921;Si;JDK 1.8;ant compile;;;;;;;;;
https://github.com/apache/tomcat;5971f9392edc6d70808b2599b062b050fcd11d23;No;JDK 17;ant compile;;;;;;;;;
https://github.com/apache/tomcat;ce70ee6b8fe437a498a375215011056702b0c481;Si;JDK 17;ant compile;;;;;;;;;
https://github.com/apache/tomcat;5517c5517e8a7ddb994504f0c5c05001a376b10c;Si;JDK 17;ant compile;;;;;;;;;
https://github.com/apache/tomcat;3e1010b1a2f648581fac3d68afbf18f2979f6bf6;No;JDK 17;ant compile;;;;;;;;;
https://github.com/apache/tomcat;f646a5acd5e32d6f5a2d9bf1d94ca66b65477675;Si;JDK 17;ant compile;;;;;;;;;
https://github.com/apache/tomcat;92cd494555598e99dd691712e8ee426a2f9c2e93;No;JDK 17;ant compile;;;;;;;;;
https://github.com/apache/tomcat;970c23bfd24dfa1dcb86ed917e6c8b47dcfb4433;Si;JDK 17;ant compile;;;;;;;;;
https://github.com/apache/tomcat;3e54b2a6314eda11617ff7a7b899c251e222b1a1;No;JDK 17;ant compile;;;;;;;;;
https://github.com/apache/tomcat;ad3b34a290a0255d2a4c356a3611ab41ed9d04f5;Si;JDK 17;ant compile;;;;;;;;;
https://github.com/apache/tomcat;452c8094a665ef6375530e81c033da4eeb2e4865;No;JDK 17;ant compile;;;;;;;;;
https://github.com/cloudfoundry/uaa;5dc5ca9176ed5baa870680d99f37e7e559dddc5;No;JDK 17 & gradle 5.4.1;./gradlew classes;;;;;;;;;
https://github.com/cloudfoundry/uaa;24bc5ade80560cedb9300940d2b398163ab0dc6;No;JDK 17 & gradle 5.4.1;./gradlew classes;;;;;;;;;
https://github.com/cloudfoundry/uaa;ea8c0ce7740a5d756d9f11964f6a6b4df54cc3b2;No;JDK 17 & gradle 5.4.1;./gradlew classes;;;;;;;;;
https://github.com/cloudfoundry/uaa;460627ed419e4227b10ff121248b3ffc009011a9;No;JDK 17 & gradle 5.4.1;./gradlew classes;;;;;;;;;
https://github.com/cloudfoundry/uaa;9730cd6a3bbb481ee4e400b51952b537589c469d;No;JDK 17 & gradle 5.4.1;./gradlew classes;;;;;;;;;
https://github.com/cloudfoundry/uaa;66132926f1bac0b878da5841be2f93fa5075d88f;No;JDK 17 & gradle 5.4.1;./gradlew classes;;;;;;;;;
https://github.com/cloudfoundry/uaa;1368817fe4f4899c06089c940830525bc0327ee;No;JDK 17 & gradle 5.4.1;./gradlew classes;;;;;;;;;
https://github.com/cloudfoundry/uaa;a1d523c7f150e56bf06df8b83ed1d416d6c1d3b;No;JDK 17 & gradle 5.4.1;./gradlew classes;;;;;;;;;
https://github.com/cloudfoundry/uaa;5eab756eaf4bb397302f00fbd0273f2470009d38;No;JDK 17 & gradle 5.4.1;./gradlew classes;;;;;;;;;
https://github.com/cloudfoundry/uaa;3ce42a4c75828cb58287c3c7495dde3f5261f12;No;JDK 17 & gradle 5.4.1;./gradlew classes;;;;;;;;;
https://github.com/cloudfoundry/uaa;bbf6751bc0d87c4a3aaf21b54e26ce328ab998b;No;JDK 17 & gradle 5.4.1;./gradlew classes;;;;;;;;;
https://github.com/cloudfoundry/uaa;a54f3fb8225ef7d5021ca7d4fb52bef1e884568e;No;JDK 17 & gradle 5.4.1;./gradlew classes;;;;;;;;;
https://github.com/cloudfoundry/uaa;1c9c6dd88266cfa7d333e5d8be1031fa31c5c93;No;JDK 17 & gradle 5.4.1;./gradlew classes;;;;;;;;;
https://github.com/cloudfoundry/uaa;eb3f86054489039e11eabd54a8ec9a46c22abfc;No;JDK 17 & gradle 5.4.1;./gradlew classes;;;;;;;;;
https://github.com/cloudfoundry/uaa;24c270ce725df890727b2bd7d8a4f338a3a58b7;No;JDK 17 & gradle 5.4.1;./gradlew classes;;;;;;;;;
https://github.com/cloudfoundry/uaa;14350228989e2aee900b8d48a848293bb5152b6f;No;JDK 17 & gradle 5.4.1;./gradlew classes;;;;;;;;;
https://github.com/cloudfoundry/uaa;8a599448781acd481aa9dab1b0bde3424e00ced;No;JDK 17 & gradle 5.4.1;./gradlew classes;;;;;;;;;
https://github.com/cloudfoundry/uaa;3f0730a015d10166de23b7e036743c185f0576a6;No;JDK 17 & gradle 5.4.1;./gradlew classes;;;;;;;;;
https://github.com/cloudfoundry/uaa;14c745aa293b8d3ce9cdd6bfbc6c0ef3f269b21;No;JDK 17 & gradle 5.4.1;./gradlew classes;;;;;;;;;
https://github.com/cloudfoundry/uaa;0a78612f981c541ad2d997e6a365f2a0b3e799d9;No;JDK 17 & gradle 5.4.1;./gradlew classes;;;;;;;;;
https://github.com/cloudfoundry/uaa;5eb43757d5a3a2c9e7aae1ef3d0b9b7e2a38851e;No;JDK 17 & gradle 5.4.1;./gradlew classes;;;;;;;;;
https://github.com/cloudfoundry/uaa;cd31cc397fe17389d95b83d6a9caa46eebc54faf;No;JDK 17 & gradle 5.4.1;./gradlew classes;;;;;;;;;
https://github.com/cloudfoundry/uaa;9d44cb0c7c25ccae95bfa1c2d59ce46200c643cb;No;JDK 17 & gradle 5.4.1;./gradlew classes;;;;;;;;;
https://github.com/cloudfoundry/uaa;6bf1c0ae1abc9aaba957708e0b2dfb6a70aab826;No;JDK 17 & gradle 5.4.1;./gradlew classes;;;;;;;;;
https://github.com/cloudfoundry/uaa;20808046de8bbdc6fb2ac62829d4cc9d7a19f37;No;JDK 17 & gradle 5.4.1;./gradlew classes;;;;;;;;;
https://github.com/cloudfoundry/uaa;f3d8a9e1ee1acac5bf1f8487ac9461f4cf4505c;No;JDK 17 & gradle 5.4.1;./gradlew classes;;;;;;;;;
https://github.com/cloudfoundry/uaa;d17b23fc3bf9b86f111774925afadfced75315c;No;JDK 17 & gradle 5.4.1;./gradlew classes;;;;;;;;;
https://github.com/cloudfoundry/uaa;2c10c43f04cf31e9f8f496cd218bfc773dfc149;No;JDK 17 & gradle 5.4.1;./gradlew classes;;;;;;;;;
https://github.com/cloudfoundry/uaa;0ed081c9b515014a21954db0dc03a3ddbb30fac;No;JDK 17 & gradle 5.4.1;./gradlew classes;;;;;;;;;
https://github.com/cloudfoundry/uaa;a61bfabbad22f646ecf1f00016b448b26a60daf;No;JDK 17 & gradle 5.4.1;./gradlew classes;;;;;;;;;
https://github.com/cloudfoundry/uaa;7a8f157f7e2feed2d0ebb63b163ff735b6340b9;No;JDK 17 & gradle 5.4.1;./gradlew classes;;;;;;;;;
https://github.com/cloudfoundry/uaa;b599af2062aad5580661e035087fdd9bd266b92;No;JDK 17 & gradle 5.4.1;./gradlew classes;;;;;;;;;
https://github.com/cloudfoundry/uaa;4e4d653edb6b8f68e12b7c415e07e068b1574b8;No;JDK 17 & gradle 5.4.1;./gradlew classes;;;;;;;;;
https://github.com/cloudfoundry/uaa;78731f8aa37a53385d0194821a5356ab66e2138;No;JDK 17 & gradle 5.4.1;./gradlew classes;;;;;;;;;
https://github.com/cloudfoundry/uaa;f6362a8f1865314aa507fc5de772848b7e55236;No;JDK 17 & gradle 5.4.1;./gradlew classes;;;;;;;;;
https://github.com/cloudfoundry/uaa;b384a650a122e42d75e8cbb5624d0274a65cd848;No;JDK 17 & gradle 5.4.1;./gradlew classes;;;;;;;;;
https://github.com/cloudfoundry/uaa;dccd3962f969913996ee88f653fce3b108c0205;No;JDK 17 & gradle 5.4.1;./gradlew classes;;;;;;;;;
https://github.com/cloudfoundry/uaa;95b7d9e7fae534a362b98de1df5bf501cd52c481;No;JDK 17 & gradle 5.4.1;./gradlew classes;;;;;;;;;
https://github.com/cloudfoundry/uaa;703542183b14b3ef1e04d68d83484d9eaaeb2f0;No;JDK 17 & gradle 5.4.1;./gradlew classes;;;;;;;;;
https://github.com/cloudfoundry/uaa;7db5e5846961e08295b1ef7af909f267eebe5da;No;JDK 17 & gradle 5.4.1;./gradlew classes;;;;;;;;;
https://github.com/cloudfoundry/uaa;aba1fb5f18e0d628628b2d960fc6d0cc62d86f5;No;JDK 17 & gradle 5.4.1;./gradlew classes;;;;;;;;;
https://github.com/cloudfoundry/uaa;b6d6526cb89120043d390bf0274cd062e9fc452;No;JDK 17 & gradle 5.4.1;./gradlew classes;;;;;;;;;
https://github.com/cloudfoundry/uaa;3633a832885ebf33b2e22cc1c0c8ce605e2c657;No;JDK 17 & gradle 5.4.1;./gradlew classes;;;;;;;;;
https://github.com/cloudfoundry/uaa;4f942064d85454a4bcc4da04cd482d114816c14a;No;JDK 17 & gradle 5.4.1;./gradlew classes;;;;;;;;;
https://github.com/cloudfoundry/uaa;a79b89f6e4f66626914b029b7a15a423491f8013;No;JDK 17 & gradle 5.4.1;./gradlew classes;;;;;;;;;
https://github.com/cloudfoundry/uaa;2906057dae995024576ce6afdc20abd85569514;No;JDK 17 & gradle 5.4.1;./gradlew classes;;;;;;;;;
https://github.com/cloudfoundry/uaa;215bd349a63edfef15a1aa07a3969c8991e34570;No;JDK 17 & gradle 5.4.1;./gradlew classes;;;;;;;;;
https://github.com/cloudfoundry/uaa;4178762a49f547534b13539ca65e1d370772c38;No;JDK 17 & gradle 5.4.1;./gradlew classes;;;;;;;;;
https://github.com/cloudfoundry/uaa;96fe26711f8f8855d2994a531447f730afd61844;No;JDK 17 & gradle 5.4.1;./gradlew classes;;;;;;;;;
https://github.com/cloudfoundry/uaa;81aeb7a3aa048ea086c494f725d643e48dd9266;No;JDK 17 & gradle 5.4.1;./gradlew classes;;;;;;;;;
https://github.com/cloudfoundry/uaa;66166d17781aa257ff77a2fb7c69f72d0b611be;No;JDK 17 & gradle 5.4.1;./gradlew classes;;;;;;;;;
https://github.com/cloudfoundry/uaa;90b6f8c06afd96efd39f87deaaf9a94cd0fd082;No;JDK 17 & gradle 5.4.1;./gradlew classes;;;;;;;;;
https://github.com/cloudfoundry/uaa;32569285018a464dcbd9d4c120a11cc4b767f8e;No;JDK 17 & gradle 5.4.1;./gradlew classes;;;;;;;;;
https://github.com/cloudfoundry/uaa;6ed7dc22beafeaa054713e63125044332729baa;No;JDK 17 & gradle 5.4.1;./gradlew classes;;;;;;;;;
https://github.com/cloudfoundry/uaa;01edea6337c8ddb2ab80906aa1254d3c1dc02fb;No;JDK 17 & gradle 5.4.1;./gradlew classes;;;;;;;;;
https://github.com/cloudfoundry/uaa;bbbba5aec514ad88e7d1e168a2519c80229f02f;No;JDK 17 & gradle 5.4.1;./gradlew classes;;;;;;;;;
https://github.com/cloudfoundry/uaa;bc91ccd2029e8f1cea0c647f0c9aad4585f7a2c;No;JDK 17 & gradle 5.4.1;./gradlew classes;;;;;;;;;
https://github.com/cloudfoundry/uaa;7d750e036cd52c5d30e73e28cbcae23126d7154;No;JDK 17 & gradle 5.4.1;./gradlew classes;;;;;;;;;
https://github.com/cloudfoundry/uaa;b3834364ab573e9655348193780a56a602fe87b7;No;JDK 17 & gradle 5.4.1;./gradlew classes;;;;;;;;;
https://github.com/cloudfoundry/uaa;96a294013c0c9a13ef32afc49d2b759f5107dc4;No;JDK 17 & gradle 5.4.1;./gradlew classes;;;;;;;;;
https://github.com/cloudfoundry/uaa;1e2a746968cdac5b53164ca8955646e4257ecc7;No;JDK 17 & gradle 5.4.1;./gradlew classes;;;;;;;;;
https://github.com/cloudfoundry/uaa;96f702681676d829628a23db171ffa79a32f03af;No;JDK 17 & gradle 5.4.1;./gradlew classes;;;;;;;;;
https://github.com/cloudfoundry/uaa;57a15dfb7e0e3a59019ebe951793b586512b196;No;JDK 17 & gradle 5.4.1;./gradlew classes;;;;;;;;;
https://github.com/cloudfoundry/uaa;74b9b270787aa602196d59d58893c3a6e09816f9;No;JDK 17 & gradle 5.4.1;./gradlew classes;;;;;;;;;
https://github.com/FasterXML/jackson-databind;e8f043d1aac9b82eee907e0f0c3abbdea723a935;No;JDK 17;mvn clean compile;;;;;;;;;
https://github.com/FasterXML/jackson-databind;ddfddfba6414adbecaff99684ef66eebd3a92e92;No;JDK 17;mvn clean compile;;;;;;;;;
https://github.com/FasterXML/jackson-databind;28badf7ef60ac3e7ef151cd8e8ec010b8479226;No;JDK 17;mvn clean compile;;;;;;;;;
https://github.com/FasterXML/jackson-databind;6ce32ffd18facac6abdbbf559c817b47fcb622c;No;JDK 17;mvn clean compile;;;;;;;;;
https://github.com/FasterXML/jackson-databind;038b471e2efde2e8f96b4e0be958d3e5a1ff1d0;No;JDK 17;mvn clean compile;;;;;;;;;
https://github.com/FasterXML/jackson-databind;7487cf7eb14be2f65a1eb108e8629c07ef45e0a;No;JDK 17;mvn clean compile;;;;;;;;;
https://github.com/FasterXML/jackson-databind;27b4defc270454dea6842bd9279f17387eceb73;No;JDK 17;mvn clean compile;;;;;;;;;
https://github.com/FasterXML/jackson-databind;28badf7ef60ac3e7ef151cd8e8ec010b8479226;No;JDK 17;mvn clean compile;;;;;;;;;
https://github.com/FasterXML/jackson-databind;051bd5e447fbc9539e12a4fe90eb989dba0c656;No;JDK 17;mvn clean compile;;;;;;;;;
https://github.com/FasterXML/jackson-databind;e8f043d1aac9b82eee907e0f0c3abbdea723a935;No;JDK 17;mvn clean compile;;;;;;;;;
https://github.com/FasterXML/jackson-databind;60d459cedcf079c6106ae7da2ac562bc32dcabe1;No;JDK 17;mvn clean compile;;;;;;;;;
https://github.com/FasterXML/jackson-databind;ddfddfba6414adbecaff99684ef66eebd3a92e92;No;JDK 17;mvn clean compile;;;;;;;;;
https://github.com/FasterXML/jackson-databind;7487cf7eb14be2f65a1eb108e8629c07ef45e0a;No;JDK 17;mvn clean compile;;;;;;;;;
https://github.com/FasterXML/jackson-databind;60d459cedcf079c6106ae7da2ac562bc32dcabe1;No;JDK 17;mvn clean compile;;;;;;;;;
https://github.com/FasterXML/jackson-databind;60d459cedcf079c6106ae7da2ac562bc32dcabe1;No;JDK 17;mvn clean compile;;;;;;;;;
https://github.com/FasterXML/jackson-databind;2235894210c75f624a3d0cd60bfb0434a20a18bf;No;JDK 17;mvn clean compile;;;;;;;;;
https://github.com/FasterXML/jackson-databind;6799f8f10cc78e9af6d443ed6982d00a13f2e7d2;No;JDK 17;mvn clean compile;;;;;;;;;
https://github.com/apache/kafka;47c2753496875db2849065ad91ee03c7c842c8e;No;JDK 17 & gradle 5.4.1;./gradlew classes;;;;;;;;;
https://github.com/apache/kafka;0b4daa4bf48517b4b3e9cda11692e80ade620b0;No;JDK 17 & gradle 5.4.1;./gradlew classes;;;;;;;;;
https://github.com/apache/kafka;9f3468645b968761ca9141d18337cb6adadbae9;No;JDK 17 & gradle 5.4.1;./gradlew classes;;;;;;;;;
https://github.com/apache/struts;54e5c912ebd9a1599bfcf7a719da17c28127bbe;No;JDK 17;mvn clean compile;;;;;;;;;
https://github.com/apache/struts;630e1ba065a8215c4e9ac03bfb09be9d655c2b6e;No;JDK 17;mvn clean compile;;;;;;;;;
https://github.com/apache/struts;01e6b251b4db78bfb7971033652e81d1af4cb3e;No;JDK 17;mvn clean compile;;;;;;;;;
https://github.com/apache/struts;7e6f641ebb142663cbd1653dc49bed725edf7f56;No;JDK 17;mvn clean compile;;;;;;;;;
https://github.com/apache/struts;fc2179cf1ac9fbfb61e3430fa88b641d87253327;No;JDK 17;mvn clean compile;;;;;;;;;
https://github.com/apache/struts;34c80dae734e70f13c0e46f9c83602fb71318e58;No;JDK 17;mvn clean compile;;;;;;;;;
https://github.com/apache/struts;8a04e80f01350c90f053d71366d5e0c2186fded;Si;JDK 17;mvn clean compile;;;;;;;;;
https://github.com/apache/struts;15857a69e7baf3675804495a5954cd0756ac8364;No;JDK 17;mvn clean compile;;;;;;;;;
https://github.com/apache/struts;352306493971e7d5a756d61780d57a76eb1f519a;No;JDK 17;mvn clean compile;;;;;;;;;
https://github.com/apache/struts;7e6f641ebb142663cbd1653dc49bed725edf7f56;No;JDK 17;mvn clean compile;;;;;;;;;
https://github.com/apache/struts;87935af56a27235e9399308ee1fcfb74f8edcefa;No;JDK 17;mvn clean compile;;;;;;;;;
https://github.com/apache/struts;2306f5f7fad7f0157f216f34331238feb0539fa;No;JDK 17;mvn clean compile;;;;;;;;;
https://github.com/apache/struts;67ecf3a21608e20449bcb7895b22204b400fecd4;Si;JDK 17;mvn clean compile;;;;;;;;;
https://github.com/apache/struts;cfb6e9afbae320a4dd5bdd655154ab9fe5a92c1;No;JDK 17;mvn clean compile;;;;;;;;;
https://github.com/apache/struts;58947c3f85ae641c1a476316a2888e53605948d1;No;JDK 17;mvn clean compile;;;;;;;;;
https://github.com/apache/struts;01e6b251b4db78bfb7971033652e81d1af4cb3e;No;JDK 17;mvn clean compile;;;;;;;;;
https://github.com/apache/struts;711cf0201cdd319a38cf29238913312355db29ba;No;JDK 17;mvn clean compile;;;;;;;;;
https://github.com/apache/struts;b28b78c062f0bf3c79793a25aab8c9b6c12bce6e;No;JDK 17;mvn clean compile;;;;;;;;;
https://github.com/apache/struts;fed4f8e8a4ec69b5e7612b92d8ce3e476680474;No;JDK 17;mvn clean compile;;;;;;;;;
https://github.com/apache/struts;3cfe34fefedcf0fdcfcb061c0aea34a715b7de6;No;JDK 17;mvn clean compile;;;;;;;;;
https://github.com/apache/struts;d934c6e7430b7b98e43a0a085a2304bd31a75c3d;No;JDK 17;mvn clean compile;;;;;;;;;
https://github.com/apache/struts;9d47af6ffa355977b5acc713e6d1f25fac260a2;Si;JDK 17;mvn clean compile;;;;;;;;;
https://github.com/apache/struts;237432512df0e27013f7c7b9ab59fdce44ca34a5;No;JDK 17;mvn clean compile;;;;;;;;;
https://github.com/apache/struts;554b9dddb0fbd1e581ef577dd62a7c22955ad0f6;Si;JDK 17;mvn clean compile;;;;;;;;;
https://github.com/apache/struts;74e26830d2849a84729b33497f729e0f033dc147;No;JDK 17;mvn clean compile;;;;;;;;;
https://github.com/apache/struts;a05259ed69a5a48379aa91650e4cd1cb4bd6e5a;Si;JDK 17;mvn clean compile;;;;;;;;;
https://github.com/apache/struts;19494718865f2fb7da5ea363de3822f87fbda26;Si;JDK 17;mvn clean compile;;;;;;;;;
https://github.com/apache/struts;931df54ab379bf4eb5a625bf05066b8563c3737b;Si;JDK 17;mvn clean compile;;;;;;;;;
https://github.com/apache/struts;a89bbe22cd2461748d595a89a254de888a415e6c;No;JDK 17;mvn clean compile;;;;;;;;;
https://github.com/apache/struts;3fddfb6eb562d597c935084e9e81d43ed6bcd02;No;JDK 17;mvn clean compile;;;;;;;;;
https://github.com/apache/struts;b3bad5ea44f3fd9edb2cb491192c5900f46d45d;Si;JDK 17;mvn clean compile;;;;;;;;;
https://github.com/apache/struts;b4265d369dc29d57a9f2846a85b26598e83f3892;No;JDK 17;mvn clean compile;;;;;;;;;
https://github.com/apache/struts;74e26830d2849a84729b33497f729e0f033dc147;No;JDK 17;mvn clean compile;;;;;;;;;
https://github.com/apache/struts;74e26830d2849a84729b33497f729e0f033dc147;No;JDK 17;mvn clean compile;;;;;;;;;
https://github.com/apache/struts;086b63735527d4bb0c1dd0d86a7c0374b825ff2;No;JDK 17;mvn clean compile;;;;;;;;;
https://github.com/apache/struts;4a3917176de2df7f33a85511d067f31e50dcc1b;No;JDK 17;mvn clean compile;;;;;;;;;
https://github.com/apache/struts;6efaf900d4ffb7be8a74065af5553bad2389f72;Si;JDK 17;mvn clean compile;;;;;;;;;
https://github.com/apache/struts;6e87474f9ad0549f07dd2c37d50a9ccd0977c6e;Si;JDK 17;mvn clean compile;;;;;;;;;
https://github.com/apache/struts;6dd6e5cfb7b5e020abffe7e8091bd63fe97c10a;No;JDK 17;mvn clean compile;;;;;;;;;
https://github.com/apache/struts;630e1ba065a8215c4e9ac03bfb09be9d655c2b6e;No;JDK 17;mvn clean compile;;;;;;;;;
https://github.com/apache/struts;637ad1c3707266c33daabb18d7754e795e6681f;Si;JDK 17;mvn clean compile;;;;;;;;;
https://github.com/apache/struts;d7804297e319c7a12245e1b536e565fcea6d650;No;JDK 17;mvn clean compile;;;;;;;;;
https://github.com/apache/struts;d832747d647df343ed07a58b1b5e540a05a4d51b;No;JDK 17;mvn clean compile;;;;;;;;;
https://github.com/apache/struts;744c1f409d983641af3e8e3b573c2f2d2c2c6d9;No;JDK 17;mvn clean compile;;;;;;;;;
https://github.com/apache/struts;a0fdca138feec2c2e94eb75ca1f8b76678b4d152;No;JDK 17;mvn clean compile;;;;;;;;;
https://github.com/apache/struts;98d2692e434fe7f4d445ade24fe2c9860de1c13f;No;JDK 17;mvn clean compile;;;;;;;;;
https://github.com/apache/struts;b4265d369dc29d57a9f2846a85b26598e83f3892;No;JDK 17;mvn clean compile;;;;;;;;;
https://github.com/apache/struts;6bd694b7980494c12d49ca1bf39f12aec3e03e2f;No;JDK 17;mvn clean compile;;;;;;;;;
https://github.com/apache/struts;6bd694b7980494c12d49ca1bf39f12aec3e03e2f;No;JDK 17;mvn clean compile;;;;;;;;;
https://github.com/apache/struts;5f54b8d087f5125d96838aafa5f64c2190e6885b;No;JDK 17;mvn clean compile;;;;;;;;;
https://github.com/apache/struts;b28b78c062f0bf3c79793a25aab8c9b6c12bce6e;No;JDK 17;mvn clean compile;;;;;;;;;
https://github.com/apache/struts;0d6442bab5b44d93c4c2e63c5335f0a331333b9;Si;JDK 17;mvn clean compile;;;;;;;;;
https://github.com/apache/struts;eccc31ebce5430f9e91b9684c63eaaf885e603f9;No;JDK 17;mvn clean compile;;;;;;;;;
https://github.com/apache/struts;74e26830d2849a84729b33497f729e0f033dc147;No;JDK 17;mvn clean compile;;;;;;;;;
https://github.com/apache/struts;418a20c0594f23764fe29ced400c1219239899a;Si;JDK 17;mvn clean compile;;;;;;;;;
https://github.com/apache/struts;cfb6e9afbae320a4dd5bdd655154ab9fe5a92c1;No;JDK 17;mvn clean compile;;;;;;;;;
https://github.com/apache/struts;9cad25f258bb2629d263f828574d2671366c238d;No;JDK 17;mvn clean compile;;;;;;;;;
https://github.com/apache/struts;1f301038a751bf16e525607c3db513db835b2999;No;JDK 17;mvn clean compile;;;;;;;;;
https://github.com/apache/struts;54e5c912ebd9a1599bfcf7a719da17c28127bbe;No;JDK 17;mvn clean compile;;;;;;;;;
https://github.com/apache/struts;b28b78c062f0bf3c79793a25aab8c9b6c12bce6e;No;JDK 17;mvn clean compile;;;;;;;;;
https://github.com/apache/struts;6b8272ce47160036ed120a48345d9aa884477228;Si;JDK 17;mvn clean compile;;;;;;;;;
https://github.com/apache/struts;3cfe34fefedcf0fdcfcb061c0aea34a715b7de6;No;JDK 17;mvn clean compile;;;;;;;;;
https://github.com/apache/struts;72471d7075681bea52046645ad7aa34e9c53751e;No;JDK 17;mvn clean compile;;;;;;;;;
https://github.com/apache/struts;76eb8f38a33ad0f1f48464ee1311559c8d52dd6d;No;JDK 17;mvn clean compile;;;;;;;;;
https://github.com/apache/struts;f238cf4f1091be19fbcfd086b042c86a1bcaa7fc;No;JDK 17;mvn clean compile;;;;;;;;;
https://github.com/apache/struts;5f54b8d087f5125d96838aafa5f64c2190e6885b;No;JDK 17;mvn clean compile;;;;;;;;;
https://github.com/apache/struts;8b4fc81daeea3834bcbf73de5f48d0021917aa3;No;JDK 17;mvn clean compile;;;;;;;;;
https://github.com/apache/struts;0c8366cb792227d484b9ca13e537037dd0cb57dc;No;JDK 17;mvn clean compile;;;;;;;;;
https://github.com/apache/struts;27ca165ddbf81c84bafbd083b99a18d89cc49ca7;No;JDK 17;mvn clean compile;;;;;;;;;
https://github.com/apache/struts;9cad25f258bb2629d263f828574d2671366c238d;No;JDK 17;mvn clean compile;;;;;;;;;
https://github.com/apache/struts;5421930b49822606792f36653b17d3d95ef106f9;No;JDK 17;mvn clean compile;;;;;;;;;
https://github.com/apache/struts;8b4fc81daeea3834bcbf73de5f48d0021917aa3;No;JDK 17;mvn clean compile;;;;;;;;;
https://github.com/apache/struts;711cf0201cdd319a38cf29238913312355db29ba;No;JDK 17;mvn clean compile;;;;;;;;;
https://github.com/apache/struts;030ffa33543f8953306ed0c0dc815c7fb74d7129;No;JDK 17;mvn clean compile;;;;;;;;;
https://github.com/apache/struts;8e67b9144aa643769b261e2492cb561e04d016ab;No;JDK 17;mvn clean compile;;;;;;;;;
https://github.com/ESAPI/esapi-java-legacy;41138fef5f63d9cf0d5e05d2bee2c7f682ffef3f;No;JDK 17;mvn clean compile;;;;;;;;;
https://github.com/ESAPI/esapi-java-legacy;b7cbc53f9cc967cf1a5a9463d8c6fef9ed6ef4f7;No;JDK 17;mvn clean compile;;;;;;;;;
https://github.com/sebfz1/wicket-jquery-ui;3e8cfdcb0f8e6e0cf0da01e74501afb5c9bff0f;No;JDK 17;mvn clean compile;;;;;;;;;
https://github.com/sebfz1/wicket-jquery-ui;936c12a2db262cf471c781f0d3c0d0ad61c35c7;No;JDK 17;mvn clean compile;;;;;;;;;
https://github.com/sebfz1/wicket-jquery-ui;cc75fdc3e610985a5f391789d33fb70c8c9114d;No;JDK 17;mvn clean compile;;;;;;;;;
https://github.com/sebfz1/wicket-jquery-ui;4ade74d87389935dee5ba49b8cdd0abb075cc50;No;JDK 17;mvn clean compile;;;;;;;;;
https://github.com/sebfz1/wicket-jquery-ui;42294cc890536459b13cf16844cd65cccf66578;No;JDK 17;mvn clean compile;;;;;;;;;
https://github.com/sebfz1/wicket-jquery-ui;8aebe1e49a71f10cdd6a073fd09d0d8d82352a0;No;JDK 17;mvn clean compile;;;;;;;;;
https://github.com/sebfz1/wicket-jquery-ui;22e414d693e8ef679ac6da38107fbc118a63f00;No;JDK 17;mvn clean compile;;;;;;;;;
https://github.com/sebfz1/wicket-jquery-ui;fa0ce80f8e92c28c801773ed7c28621ae98e872;No;JDK 17;mvn clean compile;;;;;;;;;
https://github.com/sebfz1/wicket-jquery-ui;2fec03dbe2f6e8808f4bdc6b3195dff3e44f520;No;JDK 17;mvn clean compile;;;;;;;;;
https://github.com/sebfz1/wicket-jquery-ui;82d81bf704bef90b42f62aecbcc7e8c460814b6;No;JDK 17;mvn clean compile;;;;;;;;;
https://github.com/sebfz1/wicket-jquery-ui;9f082950a276c8948a4078c2438e284a948ba15;No;JDK 17;mvn clean compile;;;;;;;;;
https://github.com/sebfz1/wicket-jquery-ui;6f33727a1b4aa27d58d672a96154d9061db43fa;No;JDK 17;mvn clean compile;;;;;;;;;
https://github.com/jythontools/jython;4c337213bd2964bb36cef2d31509b49647ca6f2a;No;JDK 17;ant compile;;;;;;;;;
https://github.com/apache/commons-compress;a41ce6892cb0590b2e658704434ac0dbcb6834c8;No;JDK 17;mvn clean compile;;;;;;;;;
https://github.com/apache/commons-compress;2a2f1dc48e22a34ddb72321a4db211da91aa933b;No;JDK 1.7;mvn clean compile;;;;;;;;;
https://github.com/apache/commons-compress;cca0e6e5341aacddefd4c4d36cef7cbdbc2a8777;No;JDK 17;mvn clean compile;;;;;;;;;
https://github.com/apache/commons-compress;8f702469cbf4c451b6dea349290bc4af0f6f76c7;No;JDK 17;mvn clean compile;;;;;;;;;
https://github.com/apache/commons-compress;0600296ab8f8a0bbdfedd483f51b38005eb8e34e;No;JDK 17;mvn clean compile;;;;;;;;;
https://github.com/apache/commons-compress;b06f7b41c936ef1a79589d16ea5c1d8b93f71f66;No;JDK 17;mvn clean compile;;;;;;;;;
https://github.com/apache/commons-compress;fdd7459bc5470e90024dbe762249166481cce769;No;JDK 17;mvn clean compile;;;;;;;;;
https://github.com/apache/commons-compress;6e95697e783767f3549f00d7d2e1b002eac4a3d4;No;JDK 17;mvn clean compile;;;;;;;;;
https://github.com/apache/commons-compress;1ce57d976c4f25fe99edcadf079840c278f3cb84;No;JDK 17;mvn clean compile;;;;;;;;;
https://github.com/apache/commons-compress;654222e628097763ee6ca561ae77be5c06666173;No;JDK 17;mvn clean compile;;;;;;;;;
https://github.com/apache/commons-compress;6ced422bf5eca3aac05396367bafb33ec21bf74e;No;JDK 17;mvn clean compile;;;;;;;;;
https://github.com/apache/commons-compress;020c03d8ef579e80511023fb46ece30e9c3dd27d;No;JDK 17;mvn clean compile;;;;;;;;;
https://github.com/jenkinsci/gerrit-trigger-plugin;a222f2d9d1bca3422e6a462a7f587ae325455b80;No;JDK 17;mvn clean compile;;;;;;;;;
https://github.com/jenkinsci/gerrit-trigger-plugin;a222f2d9d1bca3422e6a462a7f587ae325455b80;No;JDK 17;mvn clean compile;;;;;;;;;
https://github.com/jenkinsci/email-ext-plugin;af2cc9bf649781c3c84c6891298db0d8601b193d;No;JDK 17;mvn clean compile;;;;;;;;;
https://github.com/apache/commons-collections;e585cd0433ae4cfbc56e58572b9869bd0c86b611;No;JDK 17;mvn clean compile;;;;;;;;;
https://github.com/apache/commons-collections;da1a5fe00d79e1840b7e52317933e9eb56e88246;No;JDK 17;mvn clean compile;;;;;;;;;
https://github.com/apache/commons-collections;3eee44cf63b1ebb0da6925e98b3dcc6ef1e4d610;No;JDK 17;mvn clean compile;;;;;;;;;
https://github.com/apache/commons-collections;d9a00134f16d685bea11b2b12de824845e6473e3;No;JDK 17;mvn clean compile;;;;;;;;;
https://github.com/apache/commons-collections;5ec476b0b756852db865b2e442180f091f8209ee;No;JDK 17;mvn clean compile;;;;;;;;;
https://github.com/apache/commons-collections;bce4d022f27a723fa0e0b7484dcbf0afa2dd210a;No;JDK 17;mvn clean compile;;;;;;;;;
https://github.com/apache/commons-collections;1642b00d67b96de87cad44223efb9ab5b4fb7be5;No;JDK 17;mvn clean compile;;;;;;;;;
https://github.com/spring-projects/spring-amqp;aff4d0aefcdb99726fd739abf3b9bb96df97b0f;No;JDK 17 & gradle 5.4.1;./gradlew classes;;;;;;;;;
https://github.com/spring-projects/spring-amqp;444b74e95bb299af5e23ebf006fbb45d574fb95;No;JDK 17 & gradle 5.4.1;./gradlew classes;;;;;;;;;
https://github.com/spring-projects/spring-amqp;4150f107e60cac4a7735fcf7cb4c1889a0cbab6c;No;JDK 17 & gradle 5.4.1;./gradlew classes;;;;;;;;;
https://github.com/spring-projects/spring-amqp;d64e7fa3993dac577c0973e0caf8c31d27ef5e4;No;JDK 17 & gradle 5.4.1;./gradlew classes;;;;;;;;;
https://github.com/spring-projects/spring-amqp;296d481f980fcbecbee01244e3644e254470a86;No;JDK 17 & gradle 5.4.1;./gradlew classes;;;;;;;;;
https://github.com/spring-projects/spring-amqp;36e55998f6352ba3498be950ccab1d5f4d0ce655;No;JDK 17 & gradle 5.4.1;./gradlew classes;;;;;;;;;
https://github.com/spring-projects/spring-amqp;6e9e00bb5bf0aa88444146db3c2eae138cc7b0a;No;JDK 17 & gradle 5.4.1;./gradlew classes;;;;;;;;;
https://github.com/spring-projects/spring-amqp;83fe9fdec2c86a57898d56c5e109debd9d5c07d;No;JDK 17 & gradle 5.4.1;./gradlew classes;;;;;;;;;
https://github.com/apache/commons-fileupload;774ef160d591b579f703c694002e080f99bcd28b;No;JDK 17;mvn clean compile;;;;;;;;;
https://github.com/apache/commons-fileupload;388e824518697c2c8f9f83fd964621d9c2f8fc4c;No;JDK 17;mvn clean compile;;;;;;;;;
https://github.com/apache/commons-fileupload;c61ff05b3241cb14d989b67209e57aa71540417a;No;JDK 17;mvn clean compile;;;;;;;;;
https://github.com/apache/commons-fileupload;02f6b2c4ef9aebf9cf8e55de8b90e73430b69385;No;JDK 17;mvn clean compile;;;;;;;;;
https://github.com/apache/commons-fileupload;163a6061fbc077d4b6e4787d26857c2baba495d1;No;JDK 17;mvn clean compile;;;;;;;;;
https://github.com/qos-ch/logback;f46044b805bca91efe5fd6afe52257cd02f775f8;No;JDK 17;mvn clean compile;;;;;;;;;
https://github.com/inversoft/prime-jwt;abb0d479389a2509f939452a6767dc424bb5e6ba;Si;JDK 17;mvn clean compile;;;;;;;;;
https://github.com/inversoft/prime-jwt;0d94dcef0133d699f21d217e922564adbb83a227;Si;JDK 17;mvn clean compile;;;;;;;;;
https://github.com/kawasima/struts1-forever;eda3a79907ed8fcb0387a0496d0cb14332f250e8;No;JDK 17;mvn clean compile;;;;;;;;;
https://github.com/kawasima/struts1-forever;212bb0f7c57617b7b9c44cb1e056bd1e597c8e16;No;JDK 17;mvn clean compile;;;;;;;;;
https://github.com/kawasima/struts1-forever;eda3a79907ed8fcb0387a0496d0cb14332f250e8;No;JDK 17;mvn clean compile;;;;;;;;;
https://github.com/apache/wicket;dffba2ce410ec7e917ad350d3528af4df67bc348;No;JDK 17;mvn clean compile;;;;;;;;;
https://github.com/apache/wicket;134686ef7185d3f96fec953136ab4847cd36b68;No;JDK 17;mvn clean compile;;;;;;;;;
https://github.com/jenkinsci/depgraph-view-plugin;d442ff671965c279770b28e37dc63a6ab73c0f0e;No;JDK 17;mvn clean compile;;;;;;;;;
https://github.com/square/okhttp;784fabac7d1586a5614bd4bc8854fd62850dbe26;No;JDK 17 & gradle 5.4.1;./gradlew classes;;;;;;;;;
https://github.com/square/okhttp;5377f25d9eed755328216912ef5e922c93e14f3;No;JDK 17 & gradle 5.4.1;./gradlew classes;;;;;;;;;
https://github.com/square/okhttp;3ccb46dd16b6ec98f70b0ee53eafe5ed6380891e;No;JDK 17 & gradle 5.4.1;./gradlew classes;;;;;;;;;
https://github.com/apereo/java-cas-client;ab6cbdc3daa451b4fef89c0bd0f4e6568f3aa9ef;No;JDK 17;mvn clean compile;;;;;;;;;
https://github.com/apereo/java-cas-client;ae37092100c8eaec610dab6d83e5e05a8ee58814;No;JDK 17;mvn clean compile;;;;;;;;;
https://github.com/jenkinsci/git-plugin;a3d3a7eb7f75bfe97a0291e3b6d074aafafa86c9;No;JDK 17;mvn clean compile;;;;;;;;;
https://github.com/eclipse-vertx/vert.x;269a583330695d1418a4f5578f7169350b2e1332;No;JDK 17;mvn clean compile;;;;;;;;;
https://github.com/spring-projects/spring-data-commons;371f6590c509c72f8e600f3d05e110941607fba;No;JDK 17;mvn clean compile;;;;;;;;;
https://github.com/spring-projects/spring-data-commons;3d8576fe4e4e71c23b9e6796b32fd56e51182ee;No;JDK 17;mvn clean compile;;;;;;;;;
https://github.com/spring-projects/spring-data-commons;b1a20ae1e82a63f99b3afc6f2aaedb3bf4dc432;No;JDK 17;mvn clean compile;;;;;;;;;
https://github.com/spring-projects/spring-data-commons;ae1dd2741ce06d44a0966ecbd6f47beabde2b65;No;JDK 17;mvn clean compile;;;;;;;;;
https://github.com/jenkinsci/promoted-builds-plugin;9b99b9427cc4f692644f929e70f3e7b2180b11c5;No;JDK 17;mvn clean compile;;;;;;;;;
https://github.com/jenkinsci/google-play-android-publisher-plugin;f81b058289caf3332ae40d599a36a3665b1fa13c;No;JDK 17;mvn clean compile;;;;;;;;;
https://github.com/jenkinsci/git-client-plugin;75ea3fe05650fc6ca09046a72493e2b3f066fb98;No;JDK 17;mvn clean compile;;;;;;;;;
https://github.com/spring-projects/spring-data-rest;8f269e28fe8038a6c60f31a1c36cfda04795ab45;No;JDK 17;mvn clean compile;;;;;;;;;
https://github.com/spring-projects/spring-data-rest;824e51a1304bbc8334ac0b96ffaef588177e6cc;No;JDK 17;mvn clean compile;;;;;;;;;
https://github.com/belaban/JGroups;fba182c14075789e1d2c976d50d9018c671ad0b;No;JDK 17;mvn clean compile;;;;;;;;;
https://github.com/belaban/JGroups;38a882331035ffed205d15a5c92b471fd09659c;No;JDK 17;mvn clean compile;;;;;;;;;
https://github.com/belaban/JGroups;c3ad22234ef84d06d04d908b3c94c0d11df8afd;No;JDK 17;mvn clean compile;;;;;;;;;
https://github.com/narkisr/nmap4j;06b58aa3345d2f977553685a026b93e61f0c491e;No;JDK 17;mvn clean compile;;;;;;;;;
https://github.com/jenkinsci/tikal-multijob-plugin;3e6ab85019334a5b2a438264afdebe439cfc82b4;No;JDK 17;mvn clean compile;;;;;;;;;
https://github.com/jenkinsci/tikal-multijob-plugin;2424cec7a099fe4392f052a754fadc28de9f8d86;No;JDK 17;mvn clean compile;;;;;;;;;
https://github.com/spring-projects/spring-ldap;08e8ae289bbd1b581986c7238604a147119c1336;No;JDK 17 & gradle 5.4.1;./gradlew classes;;;;;;;;;
https://github.com/ronsigal/Resteasy;9b7d0f574cafdcf3bea5428f3145ab4908fc6d83;No;JDK 17;mvn clean compile;;;;;;;;;
https://github.com/jenkinsci/pipeline-build-step-plugin;3dfefdec1f7b2a4ee0ef8902afdea720b1572cb3;No;JDK 17;mvn clean compile;;;;;;;;;
https://github.com/pgjdbc/pgjdbc;cdeeaca47dc3bc6f727c79a582c9e4123099526e;No;JDK 17 & gradle 5.4.1;./gradlew classes ;;;;;;;;;
https://github.com/Wechat-Group/WxJava;6272639f02e397fed40828a2d0da66c30264bc0e;No;JDK 17;mvn clean compile;;;;;;;;;
https://github.com/jenkinsci/favorite-plugin;b6359532fe085d9ea6b7894e997e797806480777;No;JDK 17;mvn clean compile;;;;;;;;;
https://github.com/eclipse/rdf4j;df15a4d7a8f2789c043b27c9eafe1b30316cfa79;No;JDK 17;mvn clean compile;;;;;;;;;
https://github.com/apache/httpcomponents-client;a572756592c969affd0ce87885724e74839176fb;No;JDK 17;mvn clean compile;;;;;;;;;
https://github.com/apache/httpcomponents-client;08140864e3e4c0994e094c4cf0507932baf6a66;No;JDK 17;mvn clean compile;;;;;;;;;
https://github.com/apache/httpcomponents-client;6705924879810f617a7a21d34f16b6c0d61e8d34;No;JDK 17;mvn clean compile;;;;;;;;;
https://github.com/apache/httpcomponents-client;6e14fc146a66e0f3eb362f45f95d1a58ee18886a;No;JDK 17;mvn clean compile;;;;;;;;;
https://github.com/apache/httpcomponents-client;51cc67567765d67f878f0dcef61b5ded454d3122;No;JDK 17;mvn clean compile;;;;;;;;;
https://github.com/apache/httpcomponents-client;09027e7286974bf6b61f4106395da2623121db8d;No;JDK 17;mvn clean compile;;;;;;;;;
https://github.com/apache/httpcomponents-client;d954cd287dfcdad8f153e61181e20d253175ca8c;No;JDK 17;mvn clean compile;;;;;;;;;
https://github.com/jenkinsci/kubernetes-plugin;bf7a47847dfb5ef2d1e2a537e2eb9f28063988c6;No;JDK 17;mvn clean compile;;;;;;;;;
https://github.com/jenkinsci/groovy-sandbox;0cd7ec12b7c56cfa3167d99c5f43147ce05449d3;No;JDK 17;mvn clean compile;;;;;;;;;
https://github.com/jenkinsci/groovy-sandbox;0cd7ec12b7c56cfa3167d99c5f43147ce05449d3;No;JDK 17;mvn clean compile;;;;;;;;;
https://github.com/netty/netty;8599ab5bdb761bb99d41a975d689f74c12e4892b;No;JDK 17;mvn clean compile;;;;;;;;;
https://github.com/netty/netty;2fa9400a59d0563a66908aba55c41e7285a04994;No;JDK 17;mvn clean compile;;;;;;;;;
https://github.com/netty/netty;524156f164a910b8b0978d27a2c700a19cd8048;No;JDK 17;mvn clean compile;;;;;;;;;
https://github.com/netty/netty;9e2c400f89c5badc39919f811179d3d42ac5257c;No;JDK 17;mvn clean compile;;;;;;;;;
https://github.com/OpenRefine/OpenRefine;e243e73e4064de87a913946bd320fbbe246da656;No;JDK 17;mvn clean compile;;;;;;;;;
https://github.com/OpenRefine/OpenRefine;6a0d7d56e4ffb420316ce7849fde881344fbf881;No;JDK 17;mvn clean compile;;;;;;;;;
https://github.com/jenkinsci/mailer-plugin;98e79cf904769907f83894e29f50ed6b3e7eb135;No;JDK 17;mvn clean compile;;;;;;;;;
https://github.com/jenkinsci/subversion-plugin;25f6afbb02a5863f363b0a2f664ac717ace743b4;No;JDK 17;mvn clean compile;;;;;;;;;
https://github.com/jenkinsci/subversion-plugin;7d4562d6f7e40de04bbe29577b51c79f07d05ba6;No;JDK 17;mvn clean compile;;;;;;;;;
https://github.com/apache/groovy;09e9778e8a33052d8c27105aee5310649637233d;No;JDK 17 & gradle 5.4.1;./gradlew classes;;;;;;;;;
https://github.com/apache/groovy;4df8b652aa018a5d5d1cda8fba938bf3422db31c;No;JDK 17 & gradle 5.4.1;./gradlew classes;;;;;;;;;
https://github.com/codehaus-plexus/plexus-utils;b38a1b3a4352303e4312b2bb601a0d7ec6e28f41;No;JDK 17;mvn clean compile;;;;;;;;;
https://github.com/eclipse-ee4j/mojarra;1b434748d9239f42eae8aa7d37d7a0930c061e24;No;JDK 17;mvn clean compile;;;;;;;;;
https://github.com/jkuhnert/ognl;ae43073fbf38db8371ff4f8bf2a966ee3b5f7e92;No;JDK 17;mvn clean compile;;;;;;;;;
https://github.com/apache/ignite;340569b8f4e14a4cb61a9407ed2d9aa4a20bdf49;No;JDK 17;mvn clean compile;;;;;;;;;
https://github.com/apache/ignite;82a7b8209fcf56971d12cb10410a38ed632215b;No;JDK 17;mvn clean compile;;;;;;;;;
https://github.com/apache/ignite;bc374f85ca4a5e69572902d2167fe6bedebd40a;No;JDK 17;mvn clean compile;;;;;;;;;
https://github.com/igniterealtime/Openfire;c9cd1e521673ef0cccb8795b78d3cbaefb8a576a;Si;JDK 17;mvn clean compile;;;;;;;;;
https://github.com/orientechnologies/orientdb;668ece96be210e742a4e2820a3085b215cf55104;No;JDK 17;mvn clean compile;;;;;;;;;
https://github.com/jenkinsci/ec2-plugin;180f7d0eae6031d67259a5d86d9d7d382f9eb05b;No;JDK 17;mvn clean compile;;;;;;;;;
https://github.com/jhy/jsoup;4edb78991f8d0bf87dafde5e01ccd8922065c9b2;No;JDK 17;mvn clean compile;;;;;;;;;
https://github.com/codehaus-plexus/plexus-archiver;58bc24e465c0842981692adbf6d75680298989de;No;JDK 17;mvn clean compile;;;;;;;;;
https://github.com/spring-projects/spring-integration;59c69ed40d3755ef59f80872e0ea711adbb13620;No;JAVA 19;gradle classes;;;;;;;;;
https://github.com/apache/sling-org-apache-sling-xss;ec6764d165abc4df8cffd8439761bb2228887db9;No;JDK 17;mvn clean compile;;;;;;;;;
https://github.com/itext/itext7;930a1c81f8ea4952df540f041befbfa2d6757838;No;JDK 17;mvn clean compile;;;;;;;;;
https://github.com/jenkinsci/mercurial-plugin;54b4f82e80c89d51b12bc64258f6b59e98b0c16a;No;JDK 17;mvn clean compile;;;;;;;;;
https://github.com/jenkinsci/junit-plugin;15f39fc49d9f25bca872badb48e708a8bb815ea7;No;JDK 17;mvn clean compile;;;;;;;;;
https://github.com/jenkinsci/ssh-agent-plugin;3a8abe1889d25f9a73cdba202cf27212b273de4d;No;JDK 17;mvn clean compile;;;;;;;;;
https://github.com/square/retrofit;97057aaae42e54bfbee8acfa8af7dcf37e812342;No;JDK 17 & gradle 5.4.1;./gradlew classes;;;;;;;;;
https://github.com/square/retrofit;b9a7f6ad72073ddd40254c0058710e87a073047d;No;JDK 17 & gradle 5.4.1;./gradlew classes;;;;;;;;;
